-- Consolidated SQL file for Winhanganha Archive
-- Generated by combining uploaded SQL table files

SET FOREIGN_KEY_CHECKS=0;

-- ============================================================
-- Source file: winhanganha_archive_users.sql
-- ============================================================

-- MySQL dump 10.13  Distrib 8.0.46, for Win64 (x86_64)
--
-- Host: localhost    Database: winhanganha_archive
-- ------------------------------------------------------
-- Server version	8.0.46

/*!40101 SET @OLD_CHARACTER_SET_CLIENT=@@CHARACTER_SET_CLIENT */;
/*!40101 SET @OLD_CHARACTER_SET_RESULTS=@@CHARACTER_SET_RESULTS */;
/*!40101 SET @OLD_COLLATION_CONNECTION=@@COLLATION_CONNECTION */;
/*!50503 SET NAMES utf8 */;
/*!40103 SET @OLD_TIME_ZONE=@@TIME_ZONE */;
/*!40103 SET TIME_ZONE='+00:00' */;
/*!40014 SET @OLD_UNIQUE_CHECKS=@@UNIQUE_CHECKS, UNIQUE_CHECKS=0 */;
/*!40014 SET @OLD_FOREIGN_KEY_CHECKS=@@FOREIGN_KEY_CHECKS, FOREIGN_KEY_CHECKS=0 */;
/*!40101 SET @OLD_SQL_MODE=@@SQL_MODE, SQL_MODE='NO_AUTO_VALUE_ON_ZERO' */;
/*!40111 SET @OLD_SQL_NOTES=@@SQL_NOTES, SQL_NOTES=0 */;

--
-- Table structure for table `users`
--

DROP TABLE IF EXISTS `users`;
/*!40101 SET @saved_cs_client     = @@character_set_client */;
/*!50503 SET character_set_client = utf8mb4 */;
CREATE TABLE `users` (
  `userID` varchar(10) COLLATE utf8mb4_unicode_ci NOT NULL,
  `name` varchar(45) COLLATE utf8mb4_unicode_ci DEFAULT NULL,
  `email` varchar(45) COLLATE utf8mb4_unicode_ci DEFAULT NULL,
  `passwordHash` varchar(5000) COLLATE utf8mb4_unicode_ci DEFAULT NULL,
  PRIMARY KEY (`userID`)
) ENGINE=InnoDB DEFAULT CHARSET=utf8mb4 COLLATE=utf8mb4_unicode_ci;
/*!40101 SET character_set_client = @saved_cs_client */;

--
-- Dumping data for table `users`
--

LOCK TABLES `users` WRITE;
/*!40000 ALTER TABLE `users` DISABLE KEYS */;
INSERT INTO `users` VALUES ('U001','Aunty May Williams','may.williams@fnwa.org',NULL),('U002','Daniel Brooks','d.brooks@fnwa.org',NULL),('U003','Leah Morgan','leah.morgan@fnwa.org',NULL),('U004','Uncle Robert Evans','robert.evans@fnwa.org',NULL),('U005','Wayne Stack','wayne@technetik.com.au','scrypt:32768:8:1$mU0g8vWcA2a9aQbZ$1700240d81081e5c7b20b04067aa2ef6e2bc514a0fcfc67b0e377a968ddc834800986fdd63b612a53a14b77833b35f54588ca84f616f6fb3a2f27a2d2d9dd86d'),('U006','Wayne Stack','wayne@technetikfrgtrt.com.au','scrypt:32768:8:1$VMg2SphAoHRKwY8b$464c115c5b95633fbfd353dab54cd236c067be281c1054a2d3fe0c2152b8f672d3dd33fc9436f26cdf5034cecf622d235027d9fc6c60029e4b819e2097b36b40');
/*!40000 ALTER TABLE `users` ENABLE KEYS */;
UNLOCK TABLES;
/*!40103 SET TIME_ZONE=@OLD_TIME_ZONE */;

/*!40101 SET SQL_MODE=@OLD_SQL_MODE */;
/*!40014 SET FOREIGN_KEY_CHECKS=@OLD_FOREIGN_KEY_CHECKS */;
/*!40014 SET UNIQUE_CHECKS=@OLD_UNIQUE_CHECKS */;
/*!40101 SET CHARACTER_SET_CLIENT=@OLD_CHARACTER_SET_CLIENT */;
/*!40101 SET CHARACTER_SET_RESULTS=@OLD_CHARACTER_SET_RESULTS */;
/*!40101 SET COLLATION_CONNECTION=@OLD_COLLATION_CONNECTION */;
/*!40111 SET SQL_NOTES=@OLD_SQL_NOTES */;

-- Dump completed on 2026-06-08 20:33:22

-- ============================================================
-- Source file: winhanganha_archive_reviewer.sql
-- ============================================================

-- MySQL dump 10.13  Distrib 8.0.46, for Win64 (x86_64)
--
-- Host: localhost    Database: winhanganha_archive
-- ------------------------------------------------------
-- Server version	8.0.46

/*!40101 SET @OLD_CHARACTER_SET_CLIENT=@@CHARACTER_SET_CLIENT */;
/*!40101 SET @OLD_CHARACTER_SET_RESULTS=@@CHARACTER_SET_RESULTS */;
/*!40101 SET @OLD_COLLATION_CONNECTION=@@COLLATION_CONNECTION */;
/*!50503 SET NAMES utf8 */;
/*!40103 SET @OLD_TIME_ZONE=@@TIME_ZONE */;
/*!40103 SET TIME_ZONE='+00:00' */;
/*!40014 SET @OLD_UNIQUE_CHECKS=@@UNIQUE_CHECKS, UNIQUE_CHECKS=0 */;
/*!40014 SET @OLD_FOREIGN_KEY_CHECKS=@@FOREIGN_KEY_CHECKS, FOREIGN_KEY_CHECKS=0 */;
/*!40101 SET @OLD_SQL_MODE=@@SQL_MODE, SQL_MODE='NO_AUTO_VALUE_ON_ZERO' */;
/*!40111 SET @OLD_SQL_NOTES=@@SQL_NOTES, SQL_NOTES=0 */;

--
-- Table structure for table `reviewer`
--

DROP TABLE IF EXISTS `reviewer`;
/*!40101 SET @saved_cs_client     = @@character_set_client */;
/*!50503 SET character_set_client = utf8mb4 */;
CREATE TABLE `reviewer` (
  `reviewerID` varchar(10) COLLATE utf8mb4_unicode_ci NOT NULL,
  `userID` varchar(150) COLLATE utf8mb4_unicode_ci NOT NULL,
  `role` varchar(100) COLLATE utf8mb4_unicode_ci NOT NULL,
  `authorisationStatus` varchar(50) COLLATE utf8mb4_unicode_ci NOT NULL,
  PRIMARY KEY (`reviewerID`),
  KEY `userID_idx` (`userID`)
) ENGINE=InnoDB DEFAULT CHARSET=utf8mb4 COLLATE=utf8mb4_unicode_ci;
/*!40101 SET character_set_client = @saved_cs_client */;

--
-- Dumping data for table `reviewer`
--

LOCK TABLES `reviewer` WRITE;
/*!40000 ALTER TABLE `reviewer` DISABLE KEYS */;
INSERT INTO `reviewer` VALUES ('R001','U001','Elder reviewer','Authorised'),('R002','U002','Library archivist','Authorised'),('R003','U003','Collection manager','Authorised'),('R004','U004','Community representative','Authorised');
/*!40000 ALTER TABLE `reviewer` ENABLE KEYS */;
UNLOCK TABLES;
/*!40103 SET TIME_ZONE=@OLD_TIME_ZONE */;

/*!40101 SET SQL_MODE=@OLD_SQL_MODE */;
/*!40014 SET FOREIGN_KEY_CHECKS=@OLD_FOREIGN_KEY_CHECKS */;
/*!40014 SET UNIQUE_CHECKS=@OLD_UNIQUE_CHECKS */;
/*!40101 SET CHARACTER_SET_CLIENT=@OLD_CHARACTER_SET_CLIENT */;
/*!40101 SET CHARACTER_SET_RESULTS=@OLD_CHARACTER_SET_RESULTS */;
/*!40101 SET COLLATION_CONNECTION=@OLD_COLLATION_CONNECTION */;
/*!40111 SET SQL_NOTES=@OLD_SQL_NOTES */;

-- Dump completed on 2026-06-08 20:33:23

-- ============================================================
-- Source file: winhanganha_archive_collection.sql
-- ============================================================

-- MySQL dump 10.13  Distrib 8.0.46, for Win64 (x86_64)
--
-- Host: localhost    Database: winhanganha_archive
-- ------------------------------------------------------
-- Server version	8.0.46

/*!40101 SET @OLD_CHARACTER_SET_CLIENT=@@CHARACTER_SET_CLIENT */;
/*!40101 SET @OLD_CHARACTER_SET_RESULTS=@@CHARACTER_SET_RESULTS */;
/*!40101 SET @OLD_COLLATION_CONNECTION=@@COLLATION_CONNECTION */;
/*!50503 SET NAMES utf8 */;
/*!40103 SET @OLD_TIME_ZONE=@@TIME_ZONE */;
/*!40103 SET TIME_ZONE='+00:00' */;
/*!40014 SET @OLD_UNIQUE_CHECKS=@@UNIQUE_CHECKS, UNIQUE_CHECKS=0 */;
/*!40014 SET @OLD_FOREIGN_KEY_CHECKS=@@FOREIGN_KEY_CHECKS, FOREIGN_KEY_CHECKS=0 */;
/*!40101 SET @OLD_SQL_MODE=@@SQL_MODE, SQL_MODE='NO_AUTO_VALUE_ON_ZERO' */;
/*!40111 SET @OLD_SQL_NOTES=@@SQL_NOTES, SQL_NOTES=0 */;

--
-- Table structure for table `collection`
--

DROP TABLE IF EXISTS `collection`;
/*!40101 SET @saved_cs_client     = @@character_set_client */;
/*!50503 SET character_set_client = utf8mb4 */;
CREATE TABLE `collection` (
  `collectionID` varchar(10) COLLATE utf8mb4_unicode_ci NOT NULL,
  `collectionName` varchar(150) COLLATE utf8mb4_unicode_ci NOT NULL,
  `description` text COLLATE utf8mb4_unicode_ci NOT NULL,
  PRIMARY KEY (`collectionID`),
  UNIQUE KEY `uq_collection_name` (`collectionName`)
) ENGINE=InnoDB DEFAULT CHARSET=utf8mb4 COLLATE=utf8mb4_unicode_ci;
/*!40101 SET character_set_client = @saved_cs_client */;

--
-- Dumping data for table `collection`
--

LOCK TABLES `collection` WRITE;
/*!40000 ALTER TABLE `collection` DISABLE KEYS */;
INSERT INTO `collection` VALUES ('C001','Language Resources','Language records, word lists and place-name materials'),('C002','Oral Histories','Recorded community stories and interviews'),('C003','Historical Records','Images, documents and archival records');
/*!40000 ALTER TABLE `collection` ENABLE KEYS */;
UNLOCK TABLES;
/*!40103 SET TIME_ZONE=@OLD_TIME_ZONE */;

/*!40101 SET SQL_MODE=@OLD_SQL_MODE */;
/*!40014 SET FOREIGN_KEY_CHECKS=@OLD_FOREIGN_KEY_CHECKS */;
/*!40014 SET UNIQUE_CHECKS=@OLD_UNIQUE_CHECKS */;
/*!40101 SET CHARACTER_SET_CLIENT=@OLD_CHARACTER_SET_CLIENT */;
/*!40101 SET CHARACTER_SET_RESULTS=@OLD_CHARACTER_SET_RESULTS */;
/*!40101 SET COLLATION_CONNECTION=@OLD_COLLATION_CONNECTION */;
/*!40111 SET SQL_NOTES=@OLD_SQL_NOTES */;

-- Dump completed on 2026-06-08 20:33:22

-- ============================================================
-- Source file: winhanganha_archive_collectionitem.sql
-- ============================================================

-- MySQL dump 10.13  Distrib 8.0.46, for Win64 (x86_64)
--
-- Host: localhost    Database: winhanganha_archive
-- ------------------------------------------------------
-- Server version	8.0.46

/*!40101 SET @OLD_CHARACTER_SET_CLIENT=@@CHARACTER_SET_CLIENT */;
/*!40101 SET @OLD_CHARACTER_SET_RESULTS=@@CHARACTER_SET_RESULTS */;
/*!40101 SET @OLD_COLLATION_CONNECTION=@@COLLATION_CONNECTION */;
/*!50503 SET NAMES utf8 */;
/*!40103 SET @OLD_TIME_ZONE=@@TIME_ZONE */;
/*!40103 SET TIME_ZONE='+00:00' */;
/*!40014 SET @OLD_UNIQUE_CHECKS=@@UNIQUE_CHECKS, UNIQUE_CHECKS=0 */;
/*!40014 SET @OLD_FOREIGN_KEY_CHECKS=@@FOREIGN_KEY_CHECKS, FOREIGN_KEY_CHECKS=0 */;
/*!40101 SET @OLD_SQL_MODE=@@SQL_MODE, SQL_MODE='NO_AUTO_VALUE_ON_ZERO' */;
/*!40111 SET @OLD_SQL_NOTES=@@SQL_NOTES, SQL_NOTES=0 */;

--
-- Table structure for table `collectionitem`
--

DROP TABLE IF EXISTS `collectionitem`;
/*!40101 SET @saved_cs_client     = @@character_set_client */;
/*!50503 SET character_set_client = utf8mb4 */;
CREATE TABLE `collectionitem` (
  `itemID` varchar(20) COLLATE utf8mb4_unicode_ci NOT NULL,
  `collectionID` varchar(10) COLLATE utf8mb4_unicode_ci NOT NULL,
  `title` varchar(255) COLLATE utf8mb4_unicode_ci NOT NULL,
  `description` text COLLATE utf8mb4_unicode_ci NOT NULL,
  `itemType` varchar(100) COLLATE utf8mb4_unicode_ci NOT NULL,
  `imagePath` varchar(255) COLLATE utf8mb4_unicode_ci NOT NULL DEFAULT 'img/placeholder.png',
  `place` varchar(150) COLLATE utf8mb4_unicode_ci DEFAULT NULL,
  `languageGroup` varchar(150) COLLATE utf8mb4_unicode_ci DEFAULT NULL,
  `status` varchar(50) COLLATE utf8mb4_unicode_ci NOT NULL,
  `format` varchar(100) COLLATE utf8mb4_unicode_ci DEFAULT NULL,
  `dateAdded` date DEFAULT NULL,
  `dateRecorded` varchar(50) COLLATE utf8mb4_unicode_ci DEFAULT NULL,
  PRIMARY KEY (`itemID`),
  KEY `idx_collectionitem_collection` (`collectionID`),
  KEY `idx_collectionitem_title` (`title`),
  KEY `idx_collectionitem_status` (`status`),
  CONSTRAINT `fk_collectionitem_collection` FOREIGN KEY (`collectionID`) REFERENCES `collection` (`collectionID`) ON DELETE RESTRICT ON UPDATE CASCADE
) ENGINE=InnoDB DEFAULT CHARSET=utf8mb4 COLLATE=utf8mb4_unicode_ci;
/*!40101 SET character_set_client = @saved_cs_client */;

--
-- Dumping data for table `collectionitem`
--

LOCK TABLES `collectionitem` WRITE;
/*!40000 ALTER TABLE `collectionitem` DISABLE KEYS */;
INSERT INTO `collectionitem` VALUES ('I001','C001','Wiradjuri Language Word List','Sample language resource with cultural notes','Language Record','img/placeholder.png','Central NSW','Wiradjuri','Awaiting Review','Digitised text record','2026-05-20',NULL),('I002','C002','Community Oral History Recording','Recorded interview about family memory and place','Audio','img/placeholder.png','Northern NSW','Bundjalung','Restricted','Audio recording','2026-05-21',NULL),('I003','C003','Mission Station Photograph','Digitised historical photograph with provenance notes','Image','img/placeholder.png','Queensland','Multiple communities','Approved','Digitised image','2026-05-21',NULL),('I004','C002','Ceremony Reference Record','A culturally sensitive record held for assessment before any public description or access decision is made.','Audio transcript and cultural note','img/placeholder.png','Central West New South Wales','Wiradjuri','Under Review','Audio transcript and cultural note',NULL,'1985'),('I005','C003','Community Meeting Notes','Digitised notes from a community consultation meeting about cultural care, access conditions and description.','Document','img/placeholder.png',NULL,NULL,'Private','Digitised document','2026-05-22',NULL),('I006','C001','Place Name Record','A record connecting language, Country, place names and approved cultural description.','Place Record','img/placeholder.png',NULL,NULL,'Restricted','Text record','2026-05-22',NULL);
/*!40000 ALTER TABLE `collectionitem` ENABLE KEYS */;
UNLOCK TABLES;
/*!40103 SET TIME_ZONE=@OLD_TIME_ZONE */;

/*!40101 SET SQL_MODE=@OLD_SQL_MODE */;
/*!40014 SET FOREIGN_KEY_CHECKS=@OLD_FOREIGN_KEY_CHECKS */;
/*!40014 SET UNIQUE_CHECKS=@OLD_UNIQUE_CHECKS */;
/*!40101 SET CHARACTER_SET_CLIENT=@OLD_CHARACTER_SET_CLIENT */;
/*!40101 SET CHARACTER_SET_RESULTS=@OLD_CHARACTER_SET_RESULTS */;
/*!40101 SET COLLATION_CONNECTION=@OLD_COLLATION_CONNECTION */;
/*!40111 SET SQL_NOTES=@OLD_SQL_NOTES */;

-- Dump completed on 2026-06-08 20:33:23

-- ============================================================
-- Source file: winhanganha_archive_culturalmetadata.sql
-- ============================================================

-- MySQL dump 10.13  Distrib 8.0.46, for Win64 (x86_64)
--
-- Host: localhost    Database: winhanganha_archive
-- ------------------------------------------------------
-- Server version	8.0.46

/*!40101 SET @OLD_CHARACTER_SET_CLIENT=@@CHARACTER_SET_CLIENT */;
/*!40101 SET @OLD_CHARACTER_SET_RESULTS=@@CHARACTER_SET_RESULTS */;
/*!40101 SET @OLD_COLLATION_CONNECTION=@@COLLATION_CONNECTION */;
/*!50503 SET NAMES utf8 */;
/*!40103 SET @OLD_TIME_ZONE=@@TIME_ZONE */;
/*!40103 SET TIME_ZONE='+00:00' */;
/*!40014 SET @OLD_UNIQUE_CHECKS=@@UNIQUE_CHECKS, UNIQUE_CHECKS=0 */;
/*!40014 SET @OLD_FOREIGN_KEY_CHECKS=@@FOREIGN_KEY_CHECKS, FOREIGN_KEY_CHECKS=0 */;
/*!40101 SET @OLD_SQL_MODE=@@SQL_MODE, SQL_MODE='NO_AUTO_VALUE_ON_ZERO' */;
/*!40111 SET @OLD_SQL_NOTES=@@SQL_NOTES, SQL_NOTES=0 */;

--
-- Table structure for table `culturalmetadata`
--

DROP TABLE IF EXISTS `culturalmetadata`;
/*!40101 SET @saved_cs_client     = @@character_set_client */;
/*!50503 SET character_set_client = utf8mb4 */;
CREATE TABLE `culturalmetadata` (
  `metadataID` varchar(20) COLLATE utf8mb4_unicode_ci NOT NULL,
  `itemID` varchar(20) COLLATE utf8mb4_unicode_ci NOT NULL,
  `ownership` varchar(150) COLLATE utf8mb4_unicode_ci NOT NULL,
  `accessLevel` varchar(50) COLLATE utf8mb4_unicode_ci NOT NULL,
  `recommendedAccessLevel` varchar(50) COLLATE utf8mb4_unicode_ci DEFAULT NULL,
  `culturalSensitivity` varchar(50) COLLATE utf8mb4_unicode_ci NOT NULL,
  `culturalNotes` text COLLATE utf8mb4_unicode_ci NOT NULL,
  `accessConditions` text COLLATE utf8mb4_unicode_ci NOT NULL,
  `communityApprovalStatus` varchar(100) COLLATE utf8mb4_unicode_ci NOT NULL,
  PRIMARY KEY (`metadataID`),
  UNIQUE KEY `uq_culturalmetadata_item` (`itemID`),
  KEY `idx_culturalmetadata_access` (`accessLevel`),
  CONSTRAINT `fk_culturalmetadata_item` FOREIGN KEY (`itemID`) REFERENCES `collectionitem` (`itemID`) ON DELETE CASCADE ON UPDATE CASCADE
) ENGINE=InnoDB DEFAULT CHARSET=utf8mb4 COLLATE=utf8mb4_unicode_ci;
/*!40101 SET character_set_client = @saved_cs_client */;

--
-- Dumping data for table `culturalmetadata`
--

LOCK TABLES `culturalmetadata` WRITE;
/*!40000 ALTER TABLE `culturalmetadata` DISABLE KEYS */;
INSERT INTO `culturalmetadata` VALUES ('M001','I001','Community held','Under Review',NULL,'Medium','Requires Elder confirmation before public release','','Awaiting review'),('M002','I002','Family and community held','Restricted',NULL,'High','Do not reproduce without permission','','Access request required'),('M003','I003','Library collection','Public',NULL,'Low','Use with acknowledgement','','Approved'),('M004','I004','Community held','Under Review',NULL,'High','Item may contain references to restricted knowledge. Confirm whether names, places and descriptive terms can be shown in the public catalogue.','test','Awaiting Elder review'),('M005','I005','Community consultation record','Private',NULL,'High','Contains internal consultation material and community decision-making context. Not available for public release.','','Not approved for public release'),('M006','I006','Community held','Restricted',NULL,'Medium','Contains place-based knowledge and language information. Access to detailed place data requires approval.','','Approved with restrictions');
/*!40000 ALTER TABLE `culturalmetadata` ENABLE KEYS */;
UNLOCK TABLES;
/*!40103 SET TIME_ZONE=@OLD_TIME_ZONE */;

/*!40101 SET SQL_MODE=@OLD_SQL_MODE */;
/*!40014 SET FOREIGN_KEY_CHECKS=@OLD_FOREIGN_KEY_CHECKS */;
/*!40014 SET UNIQUE_CHECKS=@OLD_UNIQUE_CHECKS */;
/*!40101 SET CHARACTER_SET_CLIENT=@OLD_CHARACTER_SET_CLIENT */;
/*!40101 SET CHARACTER_SET_RESULTS=@OLD_CHARACTER_SET_RESULTS */;
/*!40101 SET COLLATION_CONNECTION=@OLD_COLLATION_CONNECTION */;
/*!40111 SET SQL_NOTES=@OLD_SQL_NOTES */;

-- Dump completed on 2026-06-08 20:33:23

-- ============================================================
-- Source file: winhanganha_archive_accessrequest.sql
-- ============================================================

-- MySQL dump 10.13  Distrib 8.0.46, for Win64 (x86_64)
--
-- Host: localhost    Database: winhanganha_archive
-- ------------------------------------------------------
-- Server version	8.0.46

/*!40101 SET @OLD_CHARACTER_SET_CLIENT=@@CHARACTER_SET_CLIENT */;
/*!40101 SET @OLD_CHARACTER_SET_RESULTS=@@CHARACTER_SET_RESULTS */;
/*!40101 SET @OLD_COLLATION_CONNECTION=@@COLLATION_CONNECTION */;
/*!50503 SET NAMES utf8 */;
/*!40103 SET @OLD_TIME_ZONE=@@TIME_ZONE */;
/*!40103 SET TIME_ZONE='+00:00' */;
/*!40014 SET @OLD_UNIQUE_CHECKS=@@UNIQUE_CHECKS, UNIQUE_CHECKS=0 */;
/*!40014 SET @OLD_FOREIGN_KEY_CHECKS=@@FOREIGN_KEY_CHECKS, FOREIGN_KEY_CHECKS=0 */;
/*!40101 SET @OLD_SQL_MODE=@@SQL_MODE, SQL_MODE='NO_AUTO_VALUE_ON_ZERO' */;
/*!40111 SET @OLD_SQL_NOTES=@@SQL_NOTES, SQL_NOTES=0 */;

--
-- Table structure for table `accessrequest`
--

DROP TABLE IF EXISTS `accessrequest`;
/*!40101 SET @saved_cs_client     = @@character_set_client */;
/*!50503 SET character_set_client = utf8mb4 */;
CREATE TABLE `accessrequest` (
  `requestID` varchar(20) COLLATE utf8mb4_unicode_ci NOT NULL,
  `itemID` varchar(20) COLLATE utf8mb4_unicode_ci NOT NULL,
  `requesterName` varchar(150) COLLATE utf8mb4_unicode_ci NOT NULL,
  `requesterEmail` varchar(255) COLLATE utf8mb4_unicode_ci NOT NULL,
  `requestDate` date NOT NULL,
  `requestStatus` varchar(50) COLLATE utf8mb4_unicode_ci NOT NULL DEFAULT 'Pending',
  `purpose` text COLLATE utf8mb4_unicode_ci NOT NULL,
  PRIMARY KEY (`requestID`),
  KEY `idx_accessrequest_item` (`itemID`),
  KEY `idx_accessrequest_status` (`requestStatus`),
  CONSTRAINT `fk_accessrequest_item` FOREIGN KEY (`itemID`) REFERENCES `collectionitem` (`itemID`) ON DELETE CASCADE ON UPDATE CASCADE
) ENGINE=InnoDB DEFAULT CHARSET=utf8mb4 COLLATE=utf8mb4_unicode_ci;
/*!40101 SET character_set_client = @saved_cs_client */;

--
-- Dumping data for table `accessrequest`
--

LOCK TABLES `accessrequest` WRITE;
/*!40000 ALTER TABLE `accessrequest` DISABLE KEYS */;
INSERT INTO `accessrequest` VALUES ('Q001','I002','Sarah Nguyen','sarah.nguyen@example.com','2026-05-22','Pending','Research project on oral history preservation'),('Q002','I001','Michael Harris','michael.harris@example.com','2026-05-23','Pending','Teaching resource development'),('Q003','I003','Priya Patel','priya.patel@example.com','2026-05-24','Approved','Class display of public historical image');
/*!40000 ALTER TABLE `accessrequest` ENABLE KEYS */;
UNLOCK TABLES;
/*!40103 SET TIME_ZONE=@OLD_TIME_ZONE */;

/*!40101 SET SQL_MODE=@OLD_SQL_MODE */;
/*!40014 SET FOREIGN_KEY_CHECKS=@OLD_FOREIGN_KEY_CHECKS */;
/*!40014 SET UNIQUE_CHECKS=@OLD_UNIQUE_CHECKS */;
/*!40101 SET CHARACTER_SET_CLIENT=@OLD_CHARACTER_SET_CLIENT */;
/*!40101 SET CHARACTER_SET_RESULTS=@OLD_CHARACTER_SET_RESULTS */;
/*!40101 SET COLLATION_CONNECTION=@OLD_COLLATION_CONNECTION */;
/*!40111 SET SQL_NOTES=@OLD_SQL_NOTES */;

-- Dump completed on 2026-06-08 20:33:22

-- ============================================================
-- Source file: winhanganha_archive_assessmentrecord.sql
-- ============================================================

-- MySQL dump 10.13  Distrib 8.0.46, for Win64 (x86_64)
--
-- Host: localhost    Database: winhanganha_archive
-- ------------------------------------------------------
-- Server version	8.0.46

/*!40101 SET @OLD_CHARACTER_SET_CLIENT=@@CHARACTER_SET_CLIENT */;
/*!40101 SET @OLD_CHARACTER_SET_RESULTS=@@CHARACTER_SET_RESULTS */;
/*!40101 SET @OLD_COLLATION_CONNECTION=@@COLLATION_CONNECTION */;
/*!50503 SET NAMES utf8 */;
/*!40103 SET @OLD_TIME_ZONE=@@TIME_ZONE */;
/*!40103 SET TIME_ZONE='+00:00' */;
/*!40014 SET @OLD_UNIQUE_CHECKS=@@UNIQUE_CHECKS, UNIQUE_CHECKS=0 */;
/*!40014 SET @OLD_FOREIGN_KEY_CHECKS=@@FOREIGN_KEY_CHECKS, FOREIGN_KEY_CHECKS=0 */;
/*!40101 SET @OLD_SQL_MODE=@@SQL_MODE, SQL_MODE='NO_AUTO_VALUE_ON_ZERO' */;
/*!40111 SET @OLD_SQL_NOTES=@@SQL_NOTES, SQL_NOTES=0 */;

--
-- Table structure for table `assessmentrecord`
--

DROP TABLE IF EXISTS `assessmentrecord`;
/*!40101 SET @saved_cs_client     = @@character_set_client */;
/*!50503 SET character_set_client = utf8mb4 */;
CREATE TABLE `assessmentrecord` (
  `assessmentID` varchar(20) COLLATE utf8mb4_unicode_ci NOT NULL,
  `itemID` varchar(20) COLLATE utf8mb4_unicode_ci NOT NULL,
  `reviewerID` varchar(10) COLLATE utf8mb4_unicode_ci NOT NULL,
  `assessmentDate` date NOT NULL,
  `assessmentOutcome` varchar(150) COLLATE utf8mb4_unicode_ci NOT NULL,
  `notes` text COLLATE utf8mb4_unicode_ci NOT NULL,
  PRIMARY KEY (`assessmentID`),
  KEY `idx_assessmentrecord_item` (`itemID`),
  KEY `idx_assessmentrecord_reviewer` (`reviewerID`),
  CONSTRAINT `fk_assessmentrecord_item` FOREIGN KEY (`itemID`) REFERENCES `collectionitem` (`itemID`) ON DELETE CASCADE ON UPDATE CASCADE,
  CONSTRAINT `fk_assessmentrecord_reviewer` FOREIGN KEY (`reviewerID`) REFERENCES `reviewer` (`reviewerID`) ON DELETE RESTRICT ON UPDATE CASCADE
) ENGINE=InnoDB DEFAULT CHARSET=utf8mb4 COLLATE=utf8mb4_unicode_ci;
/*!40101 SET character_set_client = @saved_cs_client */;

--
-- Dumping data for table `assessmentrecord`
--

LOCK TABLES `assessmentrecord` WRITE;
/*!40000 ALTER TABLE `assessmentrecord` DISABLE KEYS */;
INSERT INTO `assessmentrecord` VALUES ('A001','I001','R001','2026-05-20','Continue review','Language spelling and access notes require confirmation'),('A002','I002','R001','2026-05-21','Restricted access','Recording contains family knowledge and should not be public'),('A003','I003','R003','2026-05-22','Public release approved','Description and access conditions approved'),('A004','I004','R001','2026-05-21','Continue review','Confirm whether item can be released with restricted access or must remain private.'),('A005','I005','R003','2026-05-22','Keep private','Internal consultation material should remain private.'),('A006','I006','R002','2026-05-22','Restricted access','Detailed place data requires approval before access.');
/*!40000 ALTER TABLE `assessmentrecord` ENABLE KEYS */;
UNLOCK TABLES;
/*!40103 SET TIME_ZONE=@OLD_TIME_ZONE */;

/*!40101 SET SQL_MODE=@OLD_SQL_MODE */;
/*!40014 SET FOREIGN_KEY_CHECKS=@OLD_FOREIGN_KEY_CHECKS */;
/*!40014 SET UNIQUE_CHECKS=@OLD_UNIQUE_CHECKS */;
/*!40101 SET CHARACTER_SET_CLIENT=@OLD_CHARACTER_SET_CLIENT */;
/*!40101 SET CHARACTER_SET_RESULTS=@OLD_CHARACTER_SET_RESULTS */;
/*!40101 SET COLLATION_CONNECTION=@OLD_COLLATION_CONNECTION */;
/*!40111 SET SQL_NOTES=@OLD_SQL_NOTES */;

-- Dump completed on 2026-06-08 20:33:23

-- ============================================================
-- Source file: winhanganha_archive_assessmentcomment.sql
-- ============================================================

-- MySQL dump 10.13  Distrib 8.0.46, for Win64 (x86_64)
--
-- Host: localhost    Database: winhanganha_archive
-- ------------------------------------------------------
-- Server version	8.0.46

/*!40101 SET @OLD_CHARACTER_SET_CLIENT=@@CHARACTER_SET_CLIENT */;
/*!40101 SET @OLD_CHARACTER_SET_RESULTS=@@CHARACTER_SET_RESULTS */;
/*!40101 SET @OLD_COLLATION_CONNECTION=@@COLLATION_CONNECTION */;
/*!50503 SET NAMES utf8 */;
/*!40103 SET @OLD_TIME_ZONE=@@TIME_ZONE */;
/*!40103 SET TIME_ZONE='+00:00' */;
/*!40014 SET @OLD_UNIQUE_CHECKS=@@UNIQUE_CHECKS, UNIQUE_CHECKS=0 */;
/*!40014 SET @OLD_FOREIGN_KEY_CHECKS=@@FOREIGN_KEY_CHECKS, FOREIGN_KEY_CHECKS=0 */;
/*!40101 SET @OLD_SQL_MODE=@@SQL_MODE, SQL_MODE='NO_AUTO_VALUE_ON_ZERO' */;
/*!40111 SET @OLD_SQL_NOTES=@@SQL_NOTES, SQL_NOTES=0 */;

--
-- Table structure for table `assessmentcomment`
--

DROP TABLE IF EXISTS `assessmentcomment`;
/*!40101 SET @saved_cs_client     = @@character_set_client */;
/*!50503 SET character_set_client = utf8mb4 */;
CREATE TABLE `assessmentcomment` (
  `commentID` varchar(20) COLLATE utf8mb4_unicode_ci NOT NULL,
  `assessmentID` varchar(20) COLLATE utf8mb4_unicode_ci NOT NULL,
  `reviewerID` varchar(10) COLLATE utf8mb4_unicode_ci NOT NULL,
  `commentText` text COLLATE utf8mb4_unicode_ci NOT NULL,
  `commentDate` date NOT NULL,
  PRIMARY KEY (`commentID`),
  KEY `idx_assessmentcomment_assessment` (`assessmentID`),
  KEY `idx_assessmentcomment_reviewer` (`reviewerID`),
  CONSTRAINT `fk_assessmentcomment_assessment` FOREIGN KEY (`assessmentID`) REFERENCES `assessmentrecord` (`assessmentID`) ON DELETE CASCADE ON UPDATE CASCADE,
  CONSTRAINT `fk_assessmentcomment_reviewer` FOREIGN KEY (`reviewerID`) REFERENCES `reviewer` (`reviewerID`) ON DELETE RESTRICT ON UPDATE CASCADE
) ENGINE=InnoDB DEFAULT CHARSET=utf8mb4 COLLATE=utf8mb4_unicode_ci;
/*!40101 SET character_set_client = @saved_cs_client */;

--
-- Dumping data for table `assessmentcomment`
--

LOCK TABLES `assessmentcomment` WRITE;
/*!40000 ALTER TABLE `assessmentcomment` DISABLE KEYS */;
INSERT INTO `assessmentcomment` VALUES ('AC001','A001','R001','Confirm wording with language group before release','2026-05-20'),('AC002','A002','R002','Access request process should be used for this item','2026-05-21'),('AC003','A003','R003','Approved description can be shown on public page','2026-05-22'),('AC004','A004','R001','The public record should not include detailed ceremonial references. A shorter description may be suitable if the family names and sensitive place details are removed.','2026-05-21'),('AC005','A004','R004','Recommend restricted access until further consultation with the relevant family group has been completed.','2026-05-22'),('AC006','A004','R002','Metadata can be updated once the review group confirms the approved access level and public catalogue wording.','2026-05-23');
/*!40000 ALTER TABLE `assessmentcomment` ENABLE KEYS */;
UNLOCK TABLES;
/*!40103 SET TIME_ZONE=@OLD_TIME_ZONE */;

/*!40101 SET SQL_MODE=@OLD_SQL_MODE */;
/*!40014 SET FOREIGN_KEY_CHECKS=@OLD_FOREIGN_KEY_CHECKS */;
/*!40014 SET UNIQUE_CHECKS=@OLD_UNIQUE_CHECKS */;
/*!40101 SET CHARACTER_SET_CLIENT=@OLD_CHARACTER_SET_CLIENT */;
/*!40101 SET CHARACTER_SET_RESULTS=@OLD_CHARACTER_SET_RESULTS */;
/*!40101 SET COLLATION_CONNECTION=@OLD_COLLATION_CONNECTION */;
/*!40111 SET SQL_NOTES=@OLD_SQL_NOTES */;

-- Dump completed on 2026-06-08 20:33:23

-- ============================================================
-- Source file: winhanganha_archive_approval.sql
-- ============================================================

-- MySQL dump 10.13  Distrib 8.0.46, for Win64 (x86_64)
--
-- Host: localhost    Database: winhanganha_archive
-- ------------------------------------------------------
-- Server version	8.0.46

/*!40101 SET @OLD_CHARACTER_SET_CLIENT=@@CHARACTER_SET_CLIENT */;
/*!40101 SET @OLD_CHARACTER_SET_RESULTS=@@CHARACTER_SET_RESULTS */;
/*!40101 SET @OLD_COLLATION_CONNECTION=@@COLLATION_CONNECTION */;
/*!50503 SET NAMES utf8 */;
/*!40103 SET @OLD_TIME_ZONE=@@TIME_ZONE */;
/*!40103 SET TIME_ZONE='+00:00' */;
/*!40014 SET @OLD_UNIQUE_CHECKS=@@UNIQUE_CHECKS, UNIQUE_CHECKS=0 */;
/*!40014 SET @OLD_FOREIGN_KEY_CHECKS=@@FOREIGN_KEY_CHECKS, FOREIGN_KEY_CHECKS=0 */;
/*!40101 SET @OLD_SQL_MODE=@@SQL_MODE, SQL_MODE='NO_AUTO_VALUE_ON_ZERO' */;
/*!40111 SET @OLD_SQL_NOTES=@@SQL_NOTES, SQL_NOTES=0 */;

--
-- Table structure for table `approval`
--

DROP TABLE IF EXISTS `approval`;
/*!40101 SET @saved_cs_client     = @@character_set_client */;
/*!50503 SET character_set_client = utf8mb4 */;
CREATE TABLE `approval` (
  `approvalID` varchar(20) COLLATE utf8mb4_unicode_ci NOT NULL,
  `requestID` varchar(20) COLLATE utf8mb4_unicode_ci NOT NULL,
  `reviewerID` varchar(10) COLLATE utf8mb4_unicode_ci NOT NULL,
  `approvalDate` date NOT NULL,
  `approvalStatus` varchar(50) COLLATE utf8mb4_unicode_ci NOT NULL,
  `approvalNotes` text COLLATE utf8mb4_unicode_ci NOT NULL,
  PRIMARY KEY (`approvalID`),
  UNIQUE KEY `uq_approval_request` (`requestID`),
  KEY `idx_approval_reviewer` (`reviewerID`),
  CONSTRAINT `fk_approval_request` FOREIGN KEY (`requestID`) REFERENCES `accessrequest` (`requestID`) ON DELETE CASCADE ON UPDATE CASCADE,
  CONSTRAINT `fk_approval_reviewer` FOREIGN KEY (`reviewerID`) REFERENCES `reviewer` (`reviewerID`) ON DELETE RESTRICT ON UPDATE CASCADE
) ENGINE=InnoDB DEFAULT CHARSET=utf8mb4 COLLATE=utf8mb4_unicode_ci;
/*!40101 SET character_set_client = @saved_cs_client */;

--
-- Dumping data for table `approval`
--

LOCK TABLES `approval` WRITE;
/*!40000 ALTER TABLE `approval` DISABLE KEYS */;
INSERT INTO `approval` VALUES ('P001','Q001','R001','2026-05-24','Rejected','Item contains restricted family knowledge'),('P002','Q002','R001','2026-05-24','Pending','Awaiting further community consultation'),('P003','Q003','R003','2026-05-24','Approved','Public item may be viewed with acknowledgement');
/*!40000 ALTER TABLE `approval` ENABLE KEYS */;
UNLOCK TABLES;
/*!40103 SET TIME_ZONE=@OLD_TIME_ZONE */;

/*!40101 SET SQL_MODE=@OLD_SQL_MODE */;
/*!40014 SET FOREIGN_KEY_CHECKS=@OLD_FOREIGN_KEY_CHECKS */;
/*!40014 SET UNIQUE_CHECKS=@OLD_UNIQUE_CHECKS */;
/*!40101 SET CHARACTER_SET_CLIENT=@OLD_CHARACTER_SET_CLIENT */;
/*!40101 SET CHARACTER_SET_RESULTS=@OLD_CHARACTER_SET_RESULTS */;
/*!40101 SET COLLATION_CONNECTION=@OLD_COLLATION_CONNECTION */;
/*!40111 SET SQL_NOTES=@OLD_SQL_NOTES */;

-- Dump completed on 2026-06-08 20:33:23

SET FOREIGN_KEY_CHECKS=1;
